{"metadata":{"asset_id":"911de490-91cd-4b80-b224-28869eeee57c","asset_attributes":["notebook"],"name":"Final_Assignment","asset_type":"notebook","created_at":"2024-12-17T06:24:49Z","description":"","origin_country":"us","owner_id":"IBMid-693000NS6P","project_id":"ad4a33e5-2c36-41bf-ba97-3b0c92dcd052","size":36189,"tags":["notebook"],"usage":{"last_update_time":1734593709764,"last_updated_at":"2024-12-19T07:35:09Z"}},"entity":{"notebook":{"kernel":{"name":"python3","display_name":"Python 3.11","language":"python"},"originates_from":{"type":"blank"},"runtime":{"environment":"rt241pys2-ad4a33e5-2c36-41bf-ba97-3b0c92dcd052"}}},"attachments":[{"id":"a3ecd506-936d-4fc4-8af0-89c236c6a1c9","version":2,"asset_type":"notebook","name":"attachment for notebook 911de490-91cd-4b80-b224-28869eeee57c","description":"attachment for notebook 911de490-91cd-4b80-b224-28869eeee57c","mime":"application/json","datasource_type":"193a97c1-4475-4a19-b90c-295c4fdc6517","object_key":"notebook/Final_Assignment_Fr1KmjCP0.ipynb","creator_id":"IBMid-693000NS6P","create_time":1734416690962,"size":36189,"is_remote":false,"is_managed":false,"is_referenced":true,"is_object_key_read_only":false,"is_user_provided_path_key":true,"transfer_complete":true,"is_partitioned":false,"complete_time_ticks":1734416690962,"user_data":{},"test_doc":0,"handle":{"bucket":"pythonbasicsfordatascienceproject-donotdelete-pr-mb4dvlh5io3xfw","location":"au-syd","type":"bluemix_cos","key":"notebook/Final_Assignment_Fr1KmjCP0.ipynb","upload_id":"done","max_part_num":1},"usage":{"access_count":30,"last_accessor_id":"IBMid-693000NS6P","last_access_time":1734593467665,"last_updater_id":"IBMid-693000NS6P","last_update_time":1734593467665}}]}
